{"cameraMode":{"drawMode":0,"name":"Shaded","section":"Shading Mode"},"sceneLighting":true,"audioPlay":false,"sceneViewState":{"m_AlwaysRefresh":false,"showFog":true,"showSkybox":true,"showFlares":true,"showImageEffects":true,"showParticleSystems":true,"showVisualEffectGraphs":true,"m_FxEnabled":true},"in2DMode":false,"pivot":{"x":5.458359241485596,"y":4.223718166351318,"z":-22.322765350341798},"rotation":{"x":0.0015020376304164529,"y":0.9881699681282044,"z":-0.1533009260892868,"w":0.009489606134593487},"size":3.0470125675201418,"orthographic":false}