{"cameraMode":{"drawMode":0,"name":"Shaded","section":"Shading Mode"},"sceneLighting":true,"audioPlay":false,"sceneViewState":{"m_AlwaysRefresh":false,"showFog":true,"showSkybox":true,"showFlares":true,"showImageEffects":true,"showParticleSystems":true,"showVisualEffectGraphs":true,"m_FxEnabled":true},"in2DMode":false,"pivot":{"x":-0.06960886716842652,"y":1.0980526208877564,"z":1.7868818044662476},"rotation":{"x":0.13040663301944734,"y":-0.13460126519203187,"z":0.01789005659520626,"w":0.9821293950080872},"size":0.6696898937225342,"orthographic":false}