{"cameraMode":{"drawMode":0,"name":"Shaded","section":"Shading Mode"},"sceneLighting":true,"audioPlay":false,"sceneViewState":{"m_AlwaysRefresh":false,"showFog":true,"showSkybox":true,"showFlares":true,"showImageEffects":true,"showParticleSystems":true,"showVisualEffectGraphs":true,"m_FxEnabled":true},"in2DMode":false,"pivot":{"x":2.196390151977539,"y":-7.653654098510742,"z":20.37563705444336},"rotation":{"x":-0.19574397802352906,"y":-0.09749564528465271,"z":0.019559618085622789,"w":-0.9756062030792236},"size":11.012977600097657,"orthographic":false}