{"cameraMode":{"drawMode":0,"name":"Shaded","section":"Shading Mode"},"sceneLighting":false,"audioPlay":false,"sceneViewState":{"m_AlwaysRefresh":false,"showFog":true,"showSkybox":false,"showFlares":true,"showImageEffects":true,"showParticleSystems":true,"showVisualEffectGraphs":true,"m_FxEnabled":true},"in2DMode":false,"pivot":{"x":0.06486397981643677,"y":0.3375530242919922,"z":3.5762786865234377e-7},"rotation":{"x":0.10660353302955628,"y":0.6178951859474182,"z":-0.08506503701210022,"w":0.7743440866470337},"size":2.063948392868042,"orthographic":false}