{"cameraMode":{"drawMode":0,"name":"Shaded","section":"Shading Mode"},"sceneLighting":false,"audioPlay":false,"sceneViewState":{"m_AlwaysRefresh":false,"showFog":true,"showSkybox":false,"showFlares":true,"showImageEffects":true,"showParticleSystems":true,"showVisualEffectGraphs":true,"m_FxEnabled":true},"in2DMode":false,"pivot":{"x":-2.7814488410949709,"y":3.478442907333374,"z":-3.9020111560821535},"rotation":{"x":0.058914825320243838,"y":0.9178503155708313,"z":-0.14888469874858857,"w":0.3632010221481323},"size":2.063948392868042,"orthographic":false}