{"cameraMode":{"drawMode":0,"name":"Shaded","section":"Shading Mode"},"sceneLighting":false,"audioPlay":false,"sceneViewState":{"m_AlwaysRefresh":false,"showFog":true,"showSkybox":false,"showFlares":true,"showImageEffects":true,"showParticleSystems":true,"showVisualEffectGraphs":true,"m_FxEnabled":true},"in2DMode":false,"pivot":{"x":1.3211976289749146,"y":-0.2334209829568863,"z":0.3406003713607788},"rotation":{"x":0.03241823986172676,"y":0.417603462934494,"z":0.014910990372300148,"w":-0.907932460308075},"size":0.2407534122467041,"orthographic":false}