{"cameraMode":{"drawMode":0,"name":"Shaded","section":"Shading Mode"},"sceneLighting":false,"audioPlay":false,"sceneViewState":{"m_AlwaysRefresh":false,"showFog":true,"showSkybox":false,"showFlares":true,"showImageEffects":true,"showParticleSystems":true,"showVisualEffectGraphs":true,"m_FxEnabled":true},"in2DMode":false,"pivot":{"x":-0.19061259925365449,"y":-0.16407287120819093,"z":-0.008728470653295517},"rotation":{"x":-0.38777726888656618,"y":0.6067776083946228,"z":-0.4357677400112152,"w":-0.5399670600891113},"size":0.5970035195350647,"orthographic":false}