{"cameraMode":{"drawMode":0,"name":"Shaded","section":"Shading Mode"},"sceneLighting":false,"audioPlay":false,"sceneViewState":{"m_AlwaysRefresh":false,"showFog":true,"showSkybox":false,"showFlares":true,"showImageEffects":true,"showParticleSystems":true,"showVisualEffectGraphs":true,"m_FxEnabled":true},"in2DMode":false,"pivot":{"x":-0.9476183652877808,"y":0.06253864616155625,"z":-0.0627434179186821},"rotation":{"x":0.006304808892309666,"y":0.5461702942848206,"z":-0.004080230835825205,"w":0.8376551866531372},"size":0.05569753423333168,"orthographic":false}