{"cameraMode":{"drawMode":0,"name":"Shaded","section":"Shading Mode"},"sceneLighting":false,"audioPlay":false,"sceneViewState":{"m_AlwaysRefresh":false,"showFog":true,"showSkybox":false,"showFlares":true,"showImageEffects":true,"showParticleSystems":true,"showVisualEffectGraphs":true,"m_FxEnabled":true},"in2DMode":false,"pivot":{"x":0.4590129852294922,"y":0.1268243044614792,"z":-1.4458825588226319},"rotation":{"x":0.00043368685874156654,"y":-0.994697093963623,"z":-0.004469561856240034,"w":-0.10301844775676727},"size":1.1954952478408814,"orthographic":false}