{"cameraMode":{"drawMode":0,"name":"Shaded","section":"Shading Mode"},"sceneLighting":false,"audioPlay":false,"sceneViewState":{"m_AlwaysRefresh":false,"showFog":true,"showSkybox":false,"showFlares":true,"showImageEffects":true,"showParticleSystems":true,"showVisualEffectGraphs":true,"m_FxEnabled":true},"in2DMode":false,"pivot":{"x":0.30568239092826846,"y":0.17211082577705384,"z":1.0859787464141846},"rotation":{"x":0.023297877982258798,"y":0.9297938942909241,"z":0.05976599082350731,"w":-0.362451434135437},"size":0.2422897219657898,"orthographic":false}