{"cameraMode":{"drawMode":0,"name":"Shaded","section":"Shading Mode"},"sceneLighting":false,"audioPlay":false,"sceneViewState":{"m_AlwaysRefresh":false,"showFog":true,"showSkybox":false,"showFlares":true,"showImageEffects":true,"showParticleSystems":true,"showVisualEffectGraphs":true,"m_FxEnabled":true},"in2DMode":false,"pivot":{"x":-0.004311777651309967,"y":-0.08785782009363175,"z":0.16973333060741425},"rotation":{"x":0.1865672469139099,"y":-0.5057674646377564,"z":0.11304613947868347,"w":0.8346473574638367},"size":0.31761378049850466,"orthographic":false}