{"cameraMode":{"drawMode":0,"name":"Shaded","section":"Shading Mode"},"sceneLighting":false,"audioPlay":false,"sceneViewState":{"m_AlwaysRefresh":false,"showFog":true,"showSkybox":false,"showFlares":true,"showImageEffects":true,"showParticleSystems":true,"showVisualEffectGraphs":true,"m_FxEnabled":true},"in2DMode":false,"pivot":{"x":1.1446212530136109,"y":-0.13751325011253358,"z":0.36986321210861208},"rotation":{"x":0.07874053716659546,"y":0.1312113106250763,"z":-0.010426783002912999,"w":0.9881933331489563},"size":0.47435736656188967,"orthographic":false}